ID,Predicted
Test00,0
Test01,0
Test02,0
Test03,0
Test04,0
Test05,0
Test06,0
Test07,0
Test08,0
Test09,0
Test10,0
Test11,0
Test12,0
Test13,0
Test14,0
Test15,0
Test16,0
Test17,0
Test18,0
Test19,0
Test20,0
Test21,0
Test22,0
Test23,0
Test24,0
Test25,0
Test26,0
Test27,0
Test28,0
Test29,0
Test30,0
Test31,0
Test32,0
Test33,0
Test34,0
Test35,0
Test36,0
Test37,0
Test38,0
Test39,0
Test40,0
Test41,0
Test42,0
Test43,0
Test44,0
Test45,0
Test46,0
Test47,0
Test48,0
Test49,0
Test50,0
Test51,0
Test52,0
Test53,0
Test54,0
Test55,0
Test56,0
Test57,0
Test58,0
Test59,0
Test60,0
Test61,0
Test62,0
Test63,0
Test64,0
Test65,0
Test66,0
Test67,0
Test68,0
Test69,0
Test70,0
Test71,0
Test72,0
Test73,0
Test74,0
Test75,0
Test76,0
Test77,0
Test78,0
Test79,0
Test80,0
Test81,0
Test82,0
Test83,0
Test84,0
Test85,0
Test86,0
Test87,0
Test88,0
Test89,0
Test90,0
Test91,0
Test92,0
Test93,0
Test94,0
Test95,0
Test96,0
Test97,0
